	gene,annotation,annotation_type,position,position_type,reference_PMID
ARF1,B3_start,domain,124,AA,
ARF1,B3_end,domain,226,AA,
ARF1,PB1_start,domain,542,AA,
ARF1,PB1_end,domain,635,AA,
ARF1,middleR_start,domain,344,AA,
ARF1,middleR_end,domain,412,AA,
ARF2,B3_start,domain,164,AA,
ARF2,B3_end,domain,266,AA,
ARF2,PB1_start,domain,733,AA,
ARF2,PB1_end,domain,817,AA,
ETT,B3_start,domain,159,AA,
ETT,B3_end,domain,261,AA,
ETT,SR_start,domain,23,AA,
ETT,SR_end,domain,46,AA,
ARF4,B3_start,domain,177,AA,
ARF4,B3_end,domain,279,AA,
ARF4,PB1_start,domain,655,AA,
ARF4,PB1_end,domain,747,AA,
ARF4,SR_start,domain,38,AA,
ARF4,SR_end,domain,64,AA,
ARF9,B3_start,domain,116,AA,
ARF9,B3_end,domain,218,AA,
ARF9,PB1_start,domain,523,AA,
ARF9,PB1_end,domain,623,AA,
ARF11,B3_start,domain,145,AA,
ARF11,B3_end,domain,247,AA,
ARF11,PB1_start,domain,511,AA,
ARF11,PB1_end,domain,594,AA,
ARF12,B3_start,domain,126,AA,
ARF12,B3_end,domain,228,AA,
ARF12,PB1_start,domain,511,AA,
ARF12,PB1_end,domain,592,AA,
ARF13,B3_start,domain,124,AA,
ARF13,B3_end,domain,228,AA,
ARF14,B3_start,domain,126,AA,
ARF14,B3_end,domain,228,AA,
ARF14,PB1_start,domain,510,AA,
ARF14,PB1_end,domain,602,AA,
ARF15,B3_start,domain,126,AA,
ARF15,B3_end,domain,228,AA,
ARF15,PB1_start,domain,511,AA,
ARF15,PB1_end,domain,592,AA,
ARF18,B3_start,domain,128,AA,
ARF18,B3_end,domain,230,AA,
ARF18,PB1_start,domain,489,AA,
ARF18,PB1_end,domain,581,AA,
ARF20,B3_start,domain,126,AA,
ARF20,B3_end,domain,224,AA,
ARF20,PB1_start,domain,495,AA,
ARF20,PB1_end,domain,576,AA,
ARF21,B3_start,domain,126,AA,
ARF21,B3_end,domain,228,AA,
ARF21,PB1_start,domain,511,AA,
ARF21,PB1_end,domain,592,AA,
ARF22,B3_start,domain,124,AA,
ARF22,B3_end,domain,226,AA,
ARF22,PB1_start,domain,509,AA,
ARF22,PB1_end,domain,590,AA,
ARF4,tasiRNA1_start,tasiRNA,454,AA,
ARF4,tasiRNA1_end,tasiRNA,461,AA,
ARF4,tasiRNA2_start,tasiRNA,524,AA,
ARF4,tasiRNA2_end,tasiRNA,531,AA,
ETT,tasiRNA1_start,tasiRNA,436,AA,
ETT,tasiRNA1_end,tasiRNA,443,AA,
ETT,tasiRNA2_start,tasiRNA,476,AA,
ETT,tasiRNA2_end,tasiRNA,483,AA,
ARF2,tasiRNA1_start,tasiRNA,445,AA,
ARF2,tasiRNA1_end,tasiRNA,452,AA,

