"","gene","annotation","position","position_type"
"1","TIR1","Fbox_start",0,"AA"
"2","AFB1","Fbox_start",0,"AA"
"3","AFB2","Fbox_start",0,"AA"
"4","AFB3","Fbox_start",0,"AA"
"5","AFB4","Fbox_start",50,"AA"
"6","AFB5","Fbox_start",50,"AA"
"7","COI1","Fbox_start",0,"AA"
"8","TIR1","Fbox_end",51,"AA"
"9","AFB1","Fbox_end",47,"AA"
"10","AFB2","Fbox_end",46,"AA"
"11","AFB3","Fbox_end",46,"AA"
"12","AFB4","Fbox_end",96,"AA"
"13","AFB5","Fbox_end",96,"AA"
"14","COI1","Fbox_end",58,"AA"
"15","TIR1","LRR_start",51,"AA"
"16","AFB1","LRR_start",47,"AA"
"17","AFB2","LRR_start",46,"AA"
"18","AFB3","LRR_start",46,"AA"
"19","AFB4","LRR_start",96,"AA"
"20","AFB5","LRR_start",96,"AA"
"21","COI1","LRR_start",58,"AA"
"22","TIR1","LRR_end",595,"AA"
"23","AFB1","LRR_end",586,"AA"
"24","AFB2","LRR_end",576,"AA"
"25","AFB3","LRR_end",578,"AA"
"26","AFB4","LRR_end",624,"AA"
"27","AFB5","LRR_end",620,"AA"
"28","COI1","LRR_end",593,"AA"
"29","TIR1","miR393_start",506,"AA"
"30","AFB1","miR393_start",502,"AA"
"31","AFB2","miR393_start",501,"AA"
"32","AFB3","miR393_start",503,"AA"
"33","AFB4","miR393_start",552,"AA"
"34","AFB5","miR393_start",552,"AA"
"35","COI1","miR393_start",517,"AA"
"36","TIR1","miR393_end",512,"AA"
"37","AFB1","miR393_end",508,"AA"
"38","AFB2","miR393_end",507,"AA"
"39","AFB3","miR393_end",509,"AA"
"40","AFB4","miR393_end",558,"AA"
"41","AFB5","miR393_end",558,"AA"
"42","COI1","miR393_end",523,"AA"
